{"coco/bbox_mAP": 0.204, "coco/bbox_mAP_50": 0.32, "coco/bbox_mAP_75": 0.215, "coco/bbox_mAP_s": 0.064, "coco/bbox_mAP_m": 0.19, "coco/bbox_mAP_l": 0.365, "data_time": 0.0010245183467864991, "time": 0.03522669501304627}