{"coco/bbox_mAP": 0.766, "coco/bbox_mAP_50": 0.924, "coco/bbox_mAP_75": 0.838, "coco/bbox_mAP_s": 0.384, "coco/bbox_mAP_m": 0.639, "coco/bbox_mAP_l": 0.841, "data_time": 0.00324320912361145, "time": 0.04171680545806885}